{"cameraMode":{"drawMode":0,"name":"Shaded","section":"Shading Mode"},"sceneLighting":false,"audioPlay":false,"sceneViewState":{"m_AlwaysRefresh":false,"showFog":true,"showSkybox":false,"showFlares":true,"showImageEffects":true,"showParticleSystems":true,"showVisualEffectGraphs":true,"m_FxEnabled":true},"in2DMode":false,"pivot":{"x":-0.07185888290405274,"y":5.767239570617676,"z":0.6456804275512695},"rotation":{"x":0.011642184108495713,"y":0.9857214093208313,"z":-0.07735925912857056,"w":0.14928577840328217},"size":6.443293571472168,"orthographic":false}