{"cameraMode":{"drawMode":0,"name":"Shaded","section":"Shading Mode"},"sceneLighting":false,"audioPlay":false,"sceneViewState":{"m_AlwaysRefresh":false,"showFog":true,"showSkybox":false,"showFlares":true,"showImageEffects":true,"showParticleSystems":true,"showVisualEffectGraphs":true,"m_FxEnabled":true},"in2DMode":false,"pivot":{"x":9.921109199523926,"y":-10.213088989257813,"z":13.615265846252442},"rotation":{"x":-0.41485312581062319,"y":0.011486805975437165,"z":-0.005170077085494995,"w":-0.9098213315010071},"size":24.851348876953126,"orthographic":false}