{"cameraMode":{"drawMode":0,"name":"Shaded","section":"Shading Mode"},"sceneLighting":true,"audioPlay":false,"sceneViewState":{"m_AlwaysRefresh":false,"showFog":true,"showSkybox":true,"showFlares":true,"showImageEffects":true,"showParticleSystems":true,"showVisualEffectGraphs":true,"m_FxEnabled":true},"in2DMode":false,"pivot":{"x":-11.622286796569825,"y":17.292030334472658,"z":-28.744930267333986},"rotation":{"x":-0.26613354682922366,"y":-0.013279005885124207,"z":0.003721720539033413,"w":-0.9638699889183044},"size":26.17684555053711,"orthographic":false}