{"cameraMode":{"drawMode":0,"name":"Shaded","section":"Shading Mode"},"sceneLighting":false,"audioPlay":false,"sceneViewState":{"m_AlwaysRefresh":false,"showFog":true,"showSkybox":false,"showFlares":true,"showImageEffects":true,"showParticleSystems":true,"showVisualEffectGraphs":true,"m_FxEnabled":true},"in2DMode":false,"pivot":{"x":-0.24247363209724427,"y":-0.05276671051979065,"z":0.6332319974899292},"rotation":{"x":0.2027990221977234,"y":-0.781927764415741,"z":0.3202873170375824,"w":0.4948878586292267},"size":3.3073947429656984,"orthographic":false}