{"cameraMode":{"drawMode":0,"name":"Shaded","section":"Shading Mode"},"sceneLighting":false,"audioPlay":false,"sceneViewState":{"m_AlwaysRefresh":false,"showFog":true,"showSkybox":false,"showFlares":true,"showImageEffects":true,"showParticleSystems":true,"showVisualEffectGraphs":true,"m_FxEnabled":true},"in2DMode":false,"pivot":{"x":0.8051184415817261,"y":-0.5131966471672058,"z":-0.47964948415756228},"rotation":{"x":0.45461970567703249,"y":-0.05208642780780792,"z":0.02656867727637291,"w":0.8887813687324524},"size":1.7281012535095215,"orthographic":false}