{"cameraMode":{"drawMode":0,"name":"Shaded","section":"Shading Mode"},"sceneLighting":false,"audioPlay":false,"sceneViewState":{"m_AlwaysRefresh":false,"showFog":true,"showSkybox":false,"showFlares":true,"showImageEffects":true,"showParticleSystems":true,"showVisualEffectGraphs":true,"m_FxEnabled":true},"in2DMode":false,"pivot":{"x":-4.1864118576049809,"y":-4.071389198303223,"z":9.982935905456543},"rotation":{"x":-0.41485312581062319,"y":0.011486805975437165,"z":-0.005170077085494995,"w":-0.9098213315010071},"size":2.5136427879333498,"orthographic":false}