{"cameraMode":{"drawMode":0,"name":"Shaded","section":"Shading Mode"},"sceneLighting":false,"audioPlay":false,"sceneViewState":{"m_AlwaysRefresh":false,"showFog":true,"showSkybox":false,"showFlares":true,"showImageEffects":true,"showParticleSystems":true,"showVisualEffectGraphs":true,"m_FxEnabled":true},"in2DMode":false,"pivot":{"x":3.423795700073242,"y":0.7523480653762817,"z":-3.283384323120117},"rotation":{"x":0.19701337814331056,"y":-0.0014885197160765529,"z":0.00022752901713829488,"w":0.9804115891456604},"size":0.9587110280990601,"orthographic":false}