{"cameraMode":{"drawMode":0,"name":"Shaded","section":"Shading Mode"},"sceneLighting":false,"audioPlay":false,"sceneViewState":{"m_AlwaysRefresh":false,"showFog":true,"showSkybox":false,"showFlares":true,"showImageEffects":true,"showParticleSystems":true,"showVisualEffectGraphs":true,"m_FxEnabled":true},"in2DMode":false,"pivot":{"x":-3.2472290992736818,"y":7.916886329650879,"z":0.07395648956298828},"rotation":{"x":0.04212026298046112,"y":0.9574750661849976,"z":-0.18793964385986329,"w":0.21492710709571839},"size":7.5250468254089359,"orthographic":false}