{"cameraMode":{"drawMode":0,"name":"Shaded","section":"Shading Mode"},"sceneLighting":false,"audioPlay":false,"sceneViewState":{"m_AlwaysRefresh":false,"showFog":true,"showSkybox":false,"showFlares":true,"showImageEffects":true,"showParticleSystems":true,"showVisualEffectGraphs":true,"m_FxEnabled":true},"in2DMode":false,"pivot":{"x":0.9120473265647888,"y":0.9120478630065918,"z":-0.9120511412620544},"rotation":{"x":0.08628950268030167,"y":-0.9103950262069702,"z":0.32438796758651736,"w":0.24195906519889832},"size":1.5797152519226075,"orthographic":false}