{"cameraMode":{"drawMode":0,"name":"Shaded","section":"Shading Mode"},"sceneLighting":false,"audioPlay":false,"sceneViewState":{"m_AlwaysRefresh":false,"showFog":true,"showSkybox":false,"showFlares":true,"showImageEffects":true,"showParticleSystems":true,"showVisualEffectGraphs":true,"m_FxEnabled":true},"in2DMode":false,"pivot":{"x":0.047730326652526858,"y":1.311068058013916,"z":-0.02464306354522705},"rotation":{"x":0.08628950268030167,"y":-0.9103950262069702,"z":0.32438796758651736,"w":0.24195906519889832},"size":1.6404637098312379,"orthographic":false}