{"cameraMode":{"drawMode":0,"name":"Shaded","section":"Shading Mode"},"sceneLighting":false,"audioPlay":false,"sceneViewState":{"m_AlwaysRefresh":false,"showFog":true,"showSkybox":false,"showFlares":true,"showImageEffects":true,"showParticleSystems":true,"showVisualEffectGraphs":true,"m_FxEnabled":true},"in2DMode":false,"pivot":{"x":-0.5418630242347717,"y":0.4643007516860962,"z":0.48917245864868166},"rotation":{"x":0.12553316354751588,"y":-0.8729318380355835,"z":0.3036707639694214,"w":0.3606293797492981},"size":0.8529345393180847,"orthographic":false}