{"cameraMode":{"drawMode":0,"name":"Shaded","section":"Shading Mode"},"sceneLighting":false,"audioPlay":false,"sceneViewState":{"m_AlwaysRefresh":false,"showFog":true,"showSkybox":false,"showFlares":true,"showImageEffects":true,"showParticleSystems":true,"showVisualEffectGraphs":true,"m_FxEnabled":true},"in2DMode":false,"pivot":{"x":-0.6181257963180542,"y":0.01853775978088379,"z":25.585168838500978},"rotation":{"x":-0.41485312581062319,"y":0.011486805975437165,"z":-0.005170077085494995,"w":-0.9098213315010071},"size":5.186669826507568,"orthographic":false}